week,sentiment.compound
1,0.158247457627
2,0.0389095238095
3,0.180828571429
4,0.127113157895
5,-0.15662
6,0.0907886363636
7,-0.00598444444444
8,0.122760869565
9,0.0370724137931
10,0.376928571429
11,0.328572727273
12,0.19515
13,0.172264102564
14,0.434904166667
15,0.434769565217
16,0.135860465116
17,0.05044375
18,0.223342857143
19,0.0373361702128
20,0.302227777778
21,0.407219230769
22,0.100770588235
23,-0.0343576923077
