week,sentiment.compound
1,0.15824745762711862
2,0.03890952380952381
3,0.1808285714285714
4,0.12711315789473684
5,-0.15662000000000004
6,0.09078863636363634
7,-0.0059844444444444415
8,0.12276086956521735
9,0.037072413793103456
10,0.3769285714285714
11,0.3285727272727273
12,0.19515
13,0.1722641025641026
14,0.43490416666666665
15,0.43476956521739135
16,0.13586046511627908
17,0.05044374999999999
18,0.22334285714285718
19,-0.10071379310344827
