week,sentiment.compound
1,0.15824745762711862
2,0.03890952380952381
3,0.1808285714285714
4,0.1393425
5,-0.15662000000000004
6,0.09116874999999997
7,-0.009040425531914895
8,0.13881666666666662
9,-0.003990322580645166
10,0.3784103448275862
11,0.3285727272727273
12,0.19515
13,0.17460243902439027
14,0.43490416666666665
15,0.43476956521739135
16,0.13586046511627908
17,0.0024904761904761936
